run_at,year,src_version,budget_s,starts,start_index,seed,time_to_best_s,total_s,soft_cost,feasible,winner
2026-06-27T06:39:54.601469400Z,2,89,1000,10,0,1000,257.056,1000.034,276,1,0
2026-06-27T06:39:54.601469400Z,2,89,1000,10,1,1001,247.769,1000.034,1078,1,0
2026-06-27T06:39:54.601469400Z,2,89,1000,10,2,1002,782.378,1000.034,377,1,0
2026-06-27T06:39:54.601469400Z,2,89,1000,10,3,1003,524.000,1000.034,273,1,1
2026-06-27T06:39:54.601469400Z,2,89,1000,10,4,1004,449.203,1000.034,1176,1,0
2026-06-27T06:39:54.601469400Z,2,89,1000,10,5,1005,532.618,1000.034,383,1,0
2026-06-27T06:39:54.601469400Z,2,89,1000,10,6,1006,440.948,1000.034,276,1,0
2026-06-27T06:39:54.601469400Z,2,89,1000,10,7,1007,48.343,1000.034,282,1,0
2026-06-27T06:39:54.601469400Z,2,89,1000,10,8,1008,434.262,1000.034,276,1,0
2026-06-27T06:39:54.601469400Z,2,89,1000,10,9,1009,66.989,1000.034,2293,1,0
2026-06-27T06:56:59.943968500Z,2,99,1000,10,0,1000,836.647,1000.033,1179,1,0
2026-06-27T06:56:59.943968500Z,2,99,1000,10,1,1001,760.942,1000.032,386,1,0
2026-06-27T06:56:59.943968500Z,2,99,1000,10,2,1002,674.356,1000.032,1084,1,0
2026-06-27T06:56:59.943968500Z,2,99,1000,10,3,1003,269.724,1000.033,288,1,0
2026-06-27T06:56:59.943968500Z,2,99,1000,10,4,1004,857.443,1000.033,175,1,1
2026-06-27T06:56:59.943968500Z,2,99,1000,10,5,1005,397.936,1000.033,1295,1,0
2026-06-27T06:56:59.943968500Z,2,99,1000,10,6,1006,576.725,1000.032,282,1,0
2026-06-27T06:56:59.943968500Z,2,99,1000,10,7,1007,727.508,1000.033,276,1,0
2026-06-27T06:56:59.943968500Z,2,99,1000,10,8,1008,587.276,1000.032,279,1,0
2026-06-27T06:56:59.943968500Z,2,99,1000,10,9,1009,690.248,1000.033,493,1,0
2026-06-27T07:14:05.368606900Z,2,100,1000,10,0,1000,960.817,1000.030,285,1,0
2026-06-27T07:14:05.368606900Z,2,100,1000,10,1,1001,228.661,1000.030,282,1,1
2026-06-27T07:14:05.368606900Z,2,100,1000,10,2,1002,846.220,1000.031,1289,1,0
2026-06-27T07:14:05.368606900Z,2,100,1000,10,3,1003,851.406,1000.030,1399,1,0
2026-06-27T07:14:05.368606900Z,2,100,1000,10,4,1004,524.088,1000.030,386,1,0
2026-06-27T07:14:05.368606900Z,2,100,1000,10,5,1005,647.100,1000.031,1396,1,0
2026-06-27T07:14:05.368606900Z,2,100,1000,10,6,1006,476.212,1000.031,1390,1,0
2026-06-27T07:14:05.368606900Z,2,100,1000,10,7,1007,805.256,1000.030,2296,1,0
2026-06-27T07:14:05.368606900Z,2,100,1000,10,8,1008,496.525,1000.030,2192,1,0
2026-06-27T07:14:05.368606900Z,2,100,1000,10,9,1009,407.756,1000.031,395,1,0
2026-06-27T07:31:10.777594500Z,2,77,1000,10,0,1000,683.463,1000.032,392,1,0
2026-06-27T07:31:10.777594500Z,2,77,1000,10,1,1001,782.288,1000.032,1298,1,0
2026-06-27T07:31:10.777594500Z,2,77,1000,10,2,1002,410.387,1000.032,1503,1,0
2026-06-27T07:31:10.777594500Z,2,77,1000,10,3,1003,837.423,1000.033,1295,1,0
2026-06-27T07:31:10.777594500Z,2,77,1000,10,4,1004,988.153,1000.033,282,1,1
2026-06-27T07:31:10.777594500Z,2,77,1000,10,5,1005,900.644,1000.033,1182,1,0
2026-06-27T07:31:10.777594500Z,2,77,1000,10,6,1006,305.213,1000.032,392,1,0
2026-06-27T07:31:10.777594500Z,2,77,1000,10,7,1007,421.425,1000.033,1619,1,0
2026-06-27T07:31:10.777594500Z,2,77,1000,10,8,1008,904.977,1000.032,496,1,0
2026-06-27T07:31:10.777594500Z,2,77,1000,10,9,1009,347.660,1000.033,1396,1,0
2026-06-27T07:48:16.181570Z,2,94,1000,10,0,1000,852.051,1000.034,392,1,0
2026-06-27T07:48:16.181570Z,2,94,1000,10,1,1001,548.025,1000.034,1075,1,0
2026-06-27T07:48:16.181570Z,2,94,1000,10,2,1002,660.866,1000.033,392,1,0
2026-06-27T07:48:16.181570Z,2,94,1000,10,3,1003,646.411,1000.034,175,1,1
2026-06-27T07:48:16.181570Z,2,94,1000,10,4,1004,63.362,1000.034,5115,1,0
2026-06-27T07:48:16.181570Z,2,94,1000,10,5,1005,828.924,1000.033,282,1,0
2026-06-27T07:48:16.181570Z,2,94,1000,10,6,1006,965.763,1000.035,1084,1,0
2026-06-27T07:48:16.181570Z,2,94,1000,10,7,1007,909.556,1000.035,291,1,0
2026-06-27T07:48:16.181570Z,2,94,1000,10,8,1008,728.283,1000.033,1292,1,0
2026-06-27T07:48:16.181570Z,2,94,1000,10,9,1009,583.121,1000.033,496,1,0
2026-06-27T08:05:21.561737700Z,2,81,1000,10,0,1000,463.812,1000.041,276,1,0
2026-06-27T08:05:21.561737700Z,2,81,1000,10,1,1001,586.557,1000.041,279,1,0
2026-06-27T08:05:21.561737700Z,2,81,1000,10,2,1002,935.808,1000.041,380,1,0
2026-06-27T08:05:21.561737700Z,2,81,1000,10,3,1003,910.863,1000.041,279,1,0
2026-06-27T08:05:21.561737700Z,2,81,1000,10,4,1004,897.358,1000.041,175,1,1
2026-06-27T08:05:21.561737700Z,2,81,1000,10,5,1005,934.049,1000.041,276,1,0
2026-06-27T08:05:21.561737700Z,2,81,1000,10,6,1006,937.679,1000.041,279,1,0
2026-06-27T08:05:21.561737700Z,2,81,1000,10,7,1007,777.973,1000.041,389,1,0
2026-06-27T08:05:21.561737700Z,2,81,1000,10,8,1008,592.156,1000.041,276,1,0
2026-06-27T08:05:21.561737700Z,2,81,1000,10,9,1009,626.402,1000.041,279,1,0
2026-06-27T08:22:27.012788Z,2,95,1000,10,0,1000,807.188,1000.054,490,1,0
2026-06-27T08:22:27.012788Z,2,95,1000,10,1,1001,383.334,1000.054,2079,1,0
2026-06-27T08:22:27.012788Z,2,95,1000,10,2,1002,349.251,1000.054,172,1,0
2026-06-27T08:22:27.012788Z,2,95,1000,10,3,1003,642.708,1000.053,169,1,1
2026-06-27T08:22:27.012788Z,2,95,1000,10,4,1004,442.647,1000.053,276,1,0
2026-06-27T08:22:27.012788Z,2,95,1000,10,5,1005,987.122,1000.054,1176,1,0
2026-06-27T08:22:27.012788Z,2,95,1000,10,6,1006,314.555,1000.053,377,1,0
2026-06-27T08:22:27.012788Z,2,95,1000,10,7,1007,287.705,1000.053,1182,1,0
2026-06-27T08:22:27.012788Z,2,95,1000,10,8,1008,218.695,1000.054,484,1,0
2026-06-27T08:22:27.012788Z,2,95,1000,10,9,1009,770.683,1000.054,478,1,0
2026-06-27T08:39:32.385527400Z,2,79,1000,10,0,1000,403.115,1000.058,178,1,0
2026-06-27T08:39:32.385527400Z,2,79,1000,10,1,1001,793.594,1000.058,71,1,1
2026-06-27T08:39:32.385527400Z,2,79,1000,10,2,1002,650.024,1000.054,1283,1,0
2026-06-27T08:39:32.385527400Z,2,79,1000,10,3,1003,739.162,1000.057,285,1,0
2026-06-27T08:39:32.385527400Z,2,79,1000,10,4,1004,981.325,1000.054,276,1,0
2026-06-27T08:39:32.385527400Z,2,79,1000,10,5,1005,578.766,1000.054,496,1,0
2026-06-27T08:39:32.385527400Z,2,79,1000,10,6,1006,839.037,1000.054,1078,1,0
2026-06-27T08:39:32.385527400Z,2,79,1000,10,7,1007,707.820,1000.057,383,1,0
2026-06-27T08:39:32.385527400Z,2,79,1000,10,8,1008,805.117,1000.054,175,1,0
2026-06-27T08:39:32.385527400Z,2,79,1000,10,9,1009,572.515,1000.055,1182,1,0
2026-06-27T08:56:37.809933Z,2,96,1000,10,0,1000,428.144,1000.037,2421,1,0
2026-06-27T08:56:37.809933Z,2,96,1000,10,1,1001,922.963,1000.036,4105,1,0
2026-06-27T08:56:37.809933Z,2,96,1000,10,2,1002,341.469,1000.035,1402,1,0
2026-06-27T08:56:37.809933Z,2,96,1000,10,3,1003,861.574,1000.036,1191,1,0
2026-06-27T08:56:37.809933Z,2,96,1000,10,4,1004,737.171,1000.036,2302,1,0
2026-06-27T08:56:37.809933Z,2,96,1000,10,5,1005,615.927,1000.036,398,1,0
2026-06-27T08:56:37.809933Z,2,96,1000,10,6,1006,903.375,1000.035,1295,1,0
2026-06-27T08:56:37.809933Z,2,96,1000,10,7,1007,956.377,1000.035,1402,1,0
2026-06-27T08:56:37.809933Z,2,96,1000,10,8,1008,650.643,1000.036,398,1,0
2026-06-27T08:56:37.809933Z,2,96,1000,10,9,1009,977.034,1000.037,288,1,1
2026-06-27T09:13:43.179796Z,2,76,1000,10,0,1000,595.930,1000.037,282,1,0
2026-06-27T09:13:43.179796Z,2,76,1000,10,1,1001,528.388,1000.037,1185,1,0
2026-06-27T09:13:43.179796Z,2,76,1000,10,2,1002,313.322,1000.036,172,1,1
2026-06-27T09:13:43.179796Z,2,76,1000,10,3,1003,791.569,1000.037,279,1,0
2026-06-27T09:13:43.179796Z,2,76,1000,10,4,1004,661.445,1000.037,175,1,0
2026-06-27T09:13:43.179796Z,2,76,1000,10,5,1005,670.555,1000.036,279,1,0
2026-06-27T09:13:43.179796Z,2,76,1000,10,6,1006,305.858,1000.037,282,1,0
2026-06-27T09:13:43.179796Z,2,76,1000,10,7,1007,341.809,1000.037,392,1,0
2026-06-27T09:13:43.179796Z,2,76,1000,10,8,1008,624.418,1000.037,282,1,0
2026-06-27T09:13:43.179796Z,2,76,1000,10,9,1009,722.595,1000.037,282,1,0
2026-06-27T09:30:48.804382700Z,2,86,1000,10,0,1000,965.211,1000.034,175,1,0
2026-06-27T09:30:48.804382700Z,2,86,1000,10,1,1001,645.581,1000.034,1292,1,0
2026-06-27T09:30:48.804382700Z,2,86,1000,10,2,1002,987.490,1000.034,169,1,1
2026-06-27T09:30:48.804382700Z,2,86,1000,10,3,1003,859.639,1000.034,374,1,0
2026-06-27T09:30:48.804382700Z,2,86,1000,10,4,1004,996.986,1000.034,380,1,0
2026-06-27T09:30:48.804382700Z,2,86,1000,10,5,1005,648.189,1000.034,172,1,0
2026-06-27T09:30:48.804382700Z,2,86,1000,10,6,1006,854.721,1000.034,279,1,0
2026-06-27T09:30:48.804382700Z,2,86,1000,10,7,1007,50.981,1000.034,3202,1,0
2026-06-27T09:30:48.804382700Z,2,86,1000,10,8,1008,792.291,1000.034,2085,1,0
2026-06-27T09:30:48.804382700Z,2,86,1000,10,9,1009,841.907,1000.034,276,1,0
2026-06-27T09:47:55.532763800Z,2,97,1000,10,0,1000,262.899,1000.032,1402,1,0
2026-06-27T09:47:55.532763800Z,2,97,1000,10,1,1001,209.863,1000.033,1619,1,0
2026-06-27T09:47:55.532763800Z,2,97,1000,10,2,1002,883.276,1000.033,285,1,1
2026-06-27T09:47:55.532763800Z,2,97,1000,10,3,1003,647.468,1000.032,1396,1,0
2026-06-27T09:47:55.532763800Z,2,97,1000,10,4,1004,695.403,1000.032,481,1,0
2026-06-27T09:47:55.532763800Z,2,97,1000,10,5,1005,220.139,1000.033,1503,1,0
2026-06-27T09:47:55.532763800Z,2,97,1000,10,6,1006,800.726,1000.033,496,1,0
2026-06-27T09:47:55.532763800Z,2,97,1000,10,7,1007,604.147,1000.032,1390,1,0
2026-06-27T09:47:55.532763800Z,2,97,1000,10,8,1008,827.159,1000.032,285,1,0
2026-06-27T09:47:55.532763800Z,2,97,1000,10,9,1009,814.042,1000.033,1402,1,0
2026-06-27T10:05:00.848072300Z,2,78,1000,10,0,1000,636.272,1000.032,386,1,0
2026-06-27T10:05:00.848072300Z,2,78,1000,10,1,1001,842.396,1000.032,181,1,0
2026-06-27T10:05:00.848072300Z,2,78,1000,10,2,1002,999.738,1000.032,279,1,0
2026-06-27T10:05:00.848072300Z,2,78,1000,10,3,1003,643.592,1000.033,389,1,0
2026-06-27T10:05:00.848072300Z,2,78,1000,10,4,1004,452.613,1000.032,288,1,0
2026-06-27T10:05:00.848072300Z,2,78,1000,10,5,1005,433.225,1000.032,175,1,0
2026-06-27T10:05:00.848072300Z,2,78,1000,10,6,1006,978.128,1000.032,1078,1,0
2026-06-27T10:05:00.848072300Z,2,78,1000,10,7,1007,932.837,1000.032,276,1,0
2026-06-27T10:05:00.848072300Z,2,78,1000,10,8,1008,665.484,1000.032,181,1,0
2026-06-27T10:05:00.848072300Z,2,78,1000,10,9,1009,889.243,1000.032,172,1,1
2026-06-27T10:22:06.279636800Z,2,83,1000,10,0,1000,822.057,1000.041,2198,1,0
2026-06-27T10:22:06.279636800Z,2,83,1000,10,1,1001,337.584,1000.041,2299,1,0
2026-06-27T10:22:06.279636800Z,2,83,1000,10,2,1002,298.801,1000.042,1393,1,0
2026-06-27T10:22:06.279636800Z,2,83,1000,10,3,1003,365.188,1000.042,1619,1,0
2026-06-27T10:22:06.279636800Z,2,83,1000,10,4,1004,925.482,1000.041,1402,1,0
2026-06-27T10:22:06.279636800Z,2,83,1000,10,5,1005,803.673,1000.042,389,1,1
2026-06-27T10:22:06.279636800Z,2,83,1000,10,6,1006,461.017,1000.041,1512,1,0
2026-06-27T10:22:06.279636800Z,2,83,1000,10,7,1007,873.423,1000.042,1188,1,0
2026-06-27T10:22:06.279636800Z,2,83,1000,10,8,1008,131.268,1000.042,609,1,0
2026-06-27T10:22:06.279636800Z,2,83,1000,10,9,1009,911.666,1000.041,1292,1,0
2026-06-27T10:39:11.633122600Z,2,88,1000,10,0,1000,830.330,1000.028,1289,1,0
2026-06-27T10:39:11.633122600Z,2,88,1000,10,1,1001,751.125,1000.029,386,1,0
2026-06-27T10:39:11.633122600Z,2,88,1000,10,2,1002,969.773,1000.028,383,1,0
2026-06-27T10:39:11.633122600Z,2,88,1000,10,3,1003,150.944,1000.028,2296,1,0
2026-06-27T10:39:11.633122600Z,2,88,1000,10,4,1004,480.975,1000.029,1289,1,0
2026-06-27T10:39:11.633122600Z,2,88,1000,10,5,1005,875.848,1000.028,1286,1,0
2026-06-27T10:39:11.633122600Z,2,88,1000,10,6,1006,850.876,1000.029,1286,1,0
2026-06-27T10:39:11.633122600Z,2,88,1000,10,7,1007,656.458,1000.029,1402,1,0
2026-06-27T10:39:11.633122600Z,2,88,1000,10,8,1008,334.863,1000.028,2406,1,0
2026-06-27T10:39:11.633122600Z,2,88,1000,10,9,1009,339.649,1000.028,282,1,1
2026-06-27T10:56:16.973984200Z,2,90,1000,10,0,1000,569.496,1000.034,175,1,0
2026-06-27T10:56:16.973984200Z,2,90,1000,10,1,1001,549.359,1000.034,285,1,0
2026-06-27T10:56:16.973984200Z,2,90,1000,10,2,1002,337.116,1000.033,178,1,0
2026-06-27T10:56:16.973984200Z,2,90,1000,10,3,1003,727.792,1000.033,968,1,0
2026-06-27T10:56:16.973984200Z,2,90,1000,10,4,1004,653.237,1000.034,1078,1,0
2026-06-27T10:56:16.973984200Z,2,90,1000,10,5,1005,730.118,1000.034,1182,1,0
2026-06-27T10:56:16.973984200Z,2,90,1000,10,6,1006,620.016,1000.033,68,1,1
2026-06-27T10:56:16.973984200Z,2,90,1000,10,7,1007,445.108,1000.034,2192,1,0
2026-06-27T10:56:16.973984200Z,2,90,1000,10,8,1008,995.029,1000.034,1176,1,0
2026-06-27T10:56:16.973984200Z,2,90,1000,10,9,1009,992.989,1000.033,1179,1,0
2026-06-27T11:13:22.408801400Z,2,92,1000,10,0,1000,650.731,1000.023,395,1,0
2026-06-27T11:13:22.408801400Z,2,92,1000,10,1,1001,999.911,1000.024,285,1,0
2026-06-27T11:13:22.408801400Z,2,92,1000,10,2,1002,849.216,1000.024,386,1,0
2026-06-27T11:13:22.408801400Z,2,92,1000,10,3,1003,735.506,1000.024,386,1,0
2026-06-27T11:13:22.408801400Z,2,92,1000,10,4,1004,452.813,1000.024,285,1,0
2026-06-27T11:13:22.408801400Z,2,92,1000,10,5,1005,494.171,1000.024,1411,1,0
2026-06-27T11:13:22.408801400Z,2,92,1000,10,6,1006,676.180,1000.024,1295,1,0
2026-06-27T11:13:22.408801400Z,2,92,1000,10,7,1007,695.205,1000.024,3306,1,0
2026-06-27T11:13:22.408801400Z,2,92,1000,10,8,1008,518.787,1000.033,389,1,0
2026-06-27T11:13:22.408801400Z,2,92,1000,10,9,1009,939.919,1000.024,282,1,1
2026-06-27T11:30:27.819448100Z,2,80,1000,10,0,1000,474.820,1000.037,178,1,0
2026-06-27T11:30:27.819448100Z,2,80,1000,10,1,1001,608.190,1000.037,1182,1,0
2026-06-27T11:30:27.819448100Z,2,80,1000,10,2,1002,894.346,1000.037,2079,1,0
2026-06-27T11:30:27.819448100Z,2,80,1000,10,3,1003,637.961,1000.037,3193,1,0
2026-06-27T11:30:27.819448100Z,2,80,1000,10,4,1004,732.813,1000.037,172,1,0
2026-06-27T11:30:27.819448100Z,2,80,1000,10,5,1005,970.820,1000.037,383,1,0
2026-06-27T11:30:27.819448100Z,2,80,1000,10,6,1006,863.592,1000.037,1179,1,0
2026-06-27T11:30:27.819448100Z,2,80,1000,10,7,1007,599.232,1000.037,166,1,1
2026-06-27T11:30:27.819448100Z,2,80,1000,10,8,1008,933.123,1000.037,1384,1,0
2026-06-27T11:30:27.819448100Z,2,80,1000,10,9,1009,780.978,1000.037,166,1,0
2026-06-27T11:47:33.207426600Z,2,87,1000,10,0,1000,581.050,1000.031,178,1,0
2026-06-27T11:47:33.207426600Z,2,87,1000,10,1,1001,705.760,1000.031,1078,1,0
2026-06-27T11:47:33.207426600Z,2,87,1000,10,2,1002,685.919,1000.030,968,1,0
2026-06-27T11:47:33.207426600Z,2,87,1000,10,3,1003,885.870,1000.030,273,1,0
2026-06-27T11:47:33.207426600Z,2,87,1000,10,4,1004,227.534,1000.030,291,1,0
2026-06-27T11:47:33.207426600Z,2,87,1000,10,5,1005,499.371,1000.030,279,1,0
2026-06-27T11:47:33.207426600Z,2,87,1000,10,6,1006,704.511,1000.030,1176,1,0
2026-06-27T11:47:33.207426600Z,2,87,1000,10,7,1007,543.082,1000.030,172,1,1
2026-06-27T11:47:33.207426600Z,2,87,1000,10,8,1008,544.836,1000.030,279,1,0
2026-06-27T11:47:33.207426600Z,2,87,1000,10,9,1009,705.430,1000.031,175,1,0
2026-06-27T12:04:38.615978300Z,2,91,1000,10,0,1000,724.535,1000.048,175,1,0
2026-06-27T12:04:38.615978300Z,2,91,1000,10,1,1001,747.688,1000.047,175,1,0
2026-06-27T12:04:38.615978300Z,2,91,1000,10,2,1002,463.047,1000.048,1188,1,0
2026-06-27T12:04:38.615978300Z,2,91,1000,10,3,1003,669.491,1000.048,1292,1,0
2026-06-27T12:04:38.615978300Z,2,91,1000,10,4,1004,887.393,1000.048,1396,1,0
2026-06-27T12:04:38.615978300Z,2,91,1000,10,5,1005,941.731,1000.047,172,1,1
2026-06-27T12:04:38.615978300Z,2,91,1000,10,6,1006,516.357,1000.047,1286,1,0
2026-06-27T12:04:38.615978300Z,2,91,1000,10,7,1007,581.636,1000.048,1182,1,0
2026-06-27T12:04:38.615978300Z,2,91,1000,10,8,1008,896.295,1000.047,273,1,0
2026-06-27T12:04:38.615978300Z,2,91,1000,10,9,1009,818.569,1000.048,1191,1,0
2026-06-27T12:21:44.022946100Z,2,82,1000,10,0,1000,767.170,1000.034,1075,1,0
2026-06-27T12:21:44.022946100Z,2,82,1000,10,1,1001,940.596,1000.033,1295,1,0
2026-06-27T12:21:44.022946100Z,2,82,1000,10,2,1002,500.283,1000.034,175,1,1
2026-06-27T12:21:44.022946100Z,2,82,1000,10,3,1003,961.240,1000.033,1292,1,0
2026-06-27T12:21:44.022946100Z,2,82,1000,10,4,1004,454.157,1000.034,2085,1,0
2026-06-27T12:21:44.022946100Z,2,82,1000,10,5,1005,764.375,1000.033,1182,1,0
2026-06-27T12:21:44.022946100Z,2,82,1000,10,6,1006,524.586,1000.034,2293,1,0
2026-06-27T12:21:44.022946100Z,2,82,1000,10,7,1007,940.273,1000.034,389,1,0
2026-06-27T12:21:44.022946100Z,2,82,1000,10,8,1008,951.046,1000.034,386,1,0
2026-06-27T12:21:44.022946100Z,2,82,1000,10,9,1009,836.822,1000.034,279,1,0
2026-06-27T12:38:49.398292200Z,2,85,1000,10,0,1000,638.747,1000.038,1078,1,0
2026-06-27T12:38:49.398292200Z,2,85,1000,10,1,1001,906.419,1000.039,282,1,0
2026-06-27T12:38:49.398292200Z,2,85,1000,10,2,1002,441.671,1000.038,1405,1,0
2026-06-27T12:38:49.398292200Z,2,85,1000,10,3,1003,811.375,1000.039,172,1,1
2026-06-27T12:38:49.398292200Z,2,85,1000,10,4,1004,450.151,1000.038,395,1,0
2026-06-27T12:38:49.398292200Z,2,85,1000,10,5,1005,788.555,1000.038,172,1,0
2026-06-27T12:38:49.398292200Z,2,85,1000,10,6,1006,684.709,1000.038,386,1,0
2026-06-27T12:38:49.398292200Z,2,85,1000,10,7,1007,923.220,1000.038,172,1,0
2026-06-27T12:38:49.398292200Z,2,85,1000,10,8,1008,379.398,1000.039,383,1,0
2026-06-27T12:38:49.398292200Z,2,85,1000,10,9,1009,865.078,1000.038,288,1,0
2026-06-27T12:55:54.826679500Z,2,98,1000,10,0,1000,494.132,1000.037,1399,1,0
2026-06-27T12:55:54.826679500Z,2,98,1000,10,1,1001,539.063,1000.037,3199,1,0
2026-06-27T12:55:54.826679500Z,2,98,1000,10,2,1002,758.219,1000.038,3199,1,0
2026-06-27T12:55:54.826679500Z,2,98,1000,10,3,1003,856.249,1000.038,1399,1,0
2026-06-27T12:55:54.826679500Z,2,98,1000,10,4,1004,681.309,1000.038,490,1,1
2026-06-27T12:55:54.826679500Z,2,98,1000,10,5,1005,668.925,1000.037,2189,1,0
2026-06-27T12:55:54.826679500Z,2,98,1000,10,6,1006,935.672,1000.037,5216,1,0
2026-06-27T12:55:54.826679500Z,2,98,1000,10,7,1007,947.057,1000.038,1399,1,0
2026-06-27T12:55:54.826679500Z,2,98,1000,10,8,1008,491.076,1000.038,2400,1,0
2026-06-27T12:55:54.826679500Z,2,98,1000,10,9,1009,889.728,1000.037,4212,1,0
2026-06-27T13:13:00.249742900Z,2,84,1000,10,0,1000,802.340,1000.045,279,1,0
2026-06-27T13:13:00.249742900Z,2,84,1000,10,1,1001,283.142,1000.044,279,1,0
2026-06-27T13:13:00.249742900Z,2,84,1000,10,2,1002,809.789,1000.044,169,1,1
2026-06-27T13:13:00.249742900Z,2,84,1000,10,3,1003,287.026,1000.045,282,1,0
2026-06-27T13:13:00.249742900Z,2,84,1000,10,4,1004,843.998,1000.044,1179,1,0
2026-06-27T13:13:00.249742900Z,2,84,1000,10,5,1005,979.760,1000.044,1075,1,0
2026-06-27T13:13:00.249742900Z,2,84,1000,10,6,1006,907.983,1000.045,288,1,0
2026-06-27T13:13:00.249742900Z,2,84,1000,10,7,1007,961.544,1000.044,1179,1,0
2026-06-27T13:13:00.249742900Z,2,84,1000,10,8,1008,959.769,1000.045,1280,1,0
2026-06-27T13:13:00.249742900Z,2,84,1000,10,9,1009,565.859,1000.044,1176,1,0
2026-06-27T13:30:05.663302600Z,2,93,1000,10,0,1000,442.672,1000.037,175,1,0
2026-06-27T13:30:05.663302600Z,2,93,1000,10,1,1001,508.153,1000.037,175,1,0
2026-06-27T13:30:05.663302600Z,2,93,1000,10,2,1002,795.467,1000.036,392,1,0
2026-06-27T13:30:05.663302600Z,2,93,1000,10,3,1003,532.933,1000.036,184,1,0
2026-06-27T13:30:05.663302600Z,2,93,1000,10,4,1004,843.122,1000.037,1179,1,0
2026-06-27T13:30:05.663302600Z,2,93,1000,10,5,1005,960.176,1000.037,386,1,0
2026-06-27T13:30:05.663302600Z,2,93,1000,10,6,1006,325.060,1000.037,392,1,0
2026-06-27T13:30:05.663302600Z,2,93,1000,10,7,1007,902.227,1000.037,279,1,0
2026-06-27T13:30:05.663302600Z,2,93,1000,10,8,1008,848.070,1000.036,276,1,0
2026-06-27T13:30:05.663302600Z,2,93,1000,10,9,1009,762.252,1000.037,163,1,1
2026-06-27T15:44:18.524931700Z,2,7,60,10,0,1000,33.426,60.031,139,1,0
2026-06-27T15:44:18.524931700Z,2,7,60,10,1,1001,12.666,60.031,152,1,0
2026-06-27T15:44:18.524931700Z,2,7,60,10,2,1002,47.696,60.031,82,1,0
2026-06-27T15:44:18.524931700Z,2,7,60,10,3,1003,58.777,60.031,76,1,0
2026-06-27T15:44:18.524931700Z,2,7,60,10,4,1004,58.891,60.031,-2,1,1
2026-06-27T15:44:18.524931700Z,2,7,60,10,5,1005,31.953,60.031,70,1,0
2026-06-27T15:44:18.524931700Z,2,7,60,10,6,1006,46.338,60.031,145,1,0
2026-06-27T15:44:18.524931700Z,2,7,60,10,7,1007,41.905,60.031,136,1,0
2026-06-27T15:44:18.524931700Z,2,7,60,10,8,1008,34.830,60.031,158,1,0
2026-06-27T15:44:18.524931700Z,2,7,60,10,9,1009,17.123,60.031,180,1,0
2026-06-27T15:56:30.137631400Z,2,7,600,10,0,1000,412.994,600.029,-139,1,0
2026-06-27T15:56:30.137631400Z,2,7,600,10,1,1001,587.434,600.028,-151,1,0
2026-06-27T15:56:30.137631400Z,2,7,600,10,2,1002,412.561,600.029,-145,1,0
2026-06-27T15:56:30.137631400Z,2,7,600,10,3,1003,533.411,600.028,-172,1,1
2026-06-27T15:56:30.137631400Z,2,7,600,10,4,1004,443.732,600.028,-145,1,0
2026-06-27T15:56:30.137631400Z,2,7,600,10,5,1005,459.390,600.028,-166,1,0
2026-06-27T15:56:30.137631400Z,2,7,600,10,6,1006,377.825,600.028,-124,1,0
2026-06-27T15:56:30.137631400Z,2,7,600,10,7,1007,578.339,600.028,-169,1,0
2026-06-27T15:56:30.137631400Z,2,7,600,10,8,1008,437.587,600.029,-157,1,0
2026-06-27T15:56:30.137631400Z,2,7,600,10,9,1009,393.852,600.028,-145,1,0
2026-06-27T16:06:34.736524300Z,2,11,600,10,0,1000,592.681,600.033,-205,1,1
2026-06-27T16:06:34.736524300Z,2,11,600,10,1,1001,520.456,600.033,-181,1,0
2026-06-27T16:06:34.736524300Z,2,11,600,10,2,1002,281.857,600.034,-163,1,0
2026-06-27T16:06:34.736524300Z,2,11,600,10,3,1003,573.232,600.034,-163,1,0
2026-06-27T16:06:34.736524300Z,2,11,600,10,4,1004,463.055,600.033,-175,1,0
2026-06-27T16:06:34.736524300Z,2,11,600,10,5,1005,596.461,600.033,-187,1,0
2026-06-27T16:06:34.736524300Z,2,11,600,10,6,1006,326.880,600.034,-175,1,0
2026-06-27T16:06:34.736524300Z,2,11,600,10,7,1007,91.559,600.033,-130,1,0
2026-06-27T16:06:34.736524300Z,2,11,600,10,8,1008,593.177,600.033,-199,1,0
2026-06-27T16:06:34.736524300Z,2,11,600,10,9,1009,402.603,600.033,-190,1,0
2026-06-27T16:16:39.357708200Z,2,53,600,10,0,1000,579.945,600.030,-145,1,0
2026-06-27T16:16:39.357708200Z,2,53,600,10,1,1001,515.625,600.029,-106,1,0
2026-06-27T16:16:39.357708200Z,2,53,600,10,2,1002,584.401,600.029,-142,1,0
2026-06-27T16:16:39.357708200Z,2,53,600,10,3,1003,596.648,600.029,-95,1,0
2026-06-27T16:16:39.357708200Z,2,53,600,10,4,1004,203.359,600.030,-38,1,0
2026-06-27T16:16:39.357708200Z,2,53,600,10,5,1005,451.494,600.029,-136,1,0
2026-06-27T16:16:39.357708200Z,2,53,600,10,6,1006,306.454,600.029,-148,1,0
2026-06-27T16:16:39.357708200Z,2,53,600,10,7,1007,123.500,600.030,-151,1,1
2026-06-27T16:16:39.357708200Z,2,53,600,10,8,1008,465.985,600.029,-142,1,0
2026-06-27T16:16:39.357708200Z,2,53,600,10,9,1009,556.823,600.030,-136,1,0
2026-06-27T16:26:44.012888400Z,2,89,600,10,0,1000,525.635,600.029,-175,1,0
2026-06-27T16:26:44.012888400Z,2,89,600,10,1,1001,437.653,600.029,-92,1,0
2026-06-27T16:26:44.012888400Z,2,89,600,10,2,1002,514.565,600.029,-157,1,0
2026-06-27T16:26:44.012888400Z,2,89,600,10,3,1003,537.278,600.030,-151,1,0
2026-06-27T16:26:44.012888400Z,2,89,600,10,4,1004,318.808,600.030,-172,1,0
2026-06-27T16:26:44.012888400Z,2,89,600,10,5,1005,477.255,600.030,-178,1,1
2026-06-27T16:26:44.012888400Z,2,89,600,10,6,1006,573.321,600.029,-172,1,0
2026-06-27T16:26:44.012888400Z,2,89,600,10,7,1007,597.847,600.029,-178,1,0
2026-06-27T16:26:44.012888400Z,2,89,600,10,8,1008,261.888,600.029,-95,1,0
2026-06-27T16:26:44.012888400Z,2,89,600,10,9,1009,491.421,600.030,-160,1,0
2026-06-27T16:36:48.686856600Z,2,99,600,10,0,1000,369.202,600.032,-160,1,1
2026-06-27T16:36:48.686856600Z,2,99,600,10,1,1001,287.972,600.033,-139,1,0
2026-06-27T16:36:48.686856600Z,2,99,600,10,2,1002,495.161,600.032,-127,1,0
2026-06-27T16:36:48.686856600Z,2,99,600,10,3,1003,404.942,600.032,-77,1,0
2026-06-27T16:36:48.686856600Z,2,99,600,10,4,1004,534.467,600.033,-157,1,0
2026-06-27T16:36:48.686856600Z,2,99,600,10,5,1005,306.887,600.032,-124,1,0
2026-06-27T16:36:48.686856600Z,2,99,600,10,6,1006,451.604,600.033,-62,1,0
2026-06-27T16:36:48.686856600Z,2,99,600,10,7,1007,395.888,600.033,-154,1,0
2026-06-27T16:36:48.686856600Z,2,99,600,10,8,1008,562.519,600.032,-145,1,0
2026-06-27T16:36:48.686856600Z,2,99,600,10,9,1009,492.358,600.033,-139,1,0
2026-06-27T16:46:53.455953Z,2,7,600,10,0,1000,124.677,600.033,13,1,0
2026-06-27T16:46:53.455953Z,2,7,600,10,1,1001,419.787,600.033,-106,1,0
2026-06-27T16:46:53.455953Z,2,7,600,10,2,1002,369.923,600.032,-65,1,0
2026-06-27T16:46:53.455953Z,2,7,600,10,3,1003,385.904,600.031,-84,1,0
2026-06-27T16:46:53.455953Z,2,7,600,10,4,1004,477.344,600.033,-84,1,0
2026-06-27T16:46:53.455953Z,2,7,600,10,5,1005,536.602,600.033,-62,1,0
2026-06-27T16:46:53.455953Z,2,7,600,10,6,1006,563.489,600.033,-84,1,0
2026-06-27T16:46:53.455953Z,2,7,600,10,7,1007,590.667,600.033,-109,1,1
2026-06-27T16:46:53.455953Z,2,7,600,10,8,1008,551.303,600.033,-62,1,0
2026-06-27T16:46:53.455953Z,2,7,600,10,9,1009,455.938,600.032,-106,1,0
2026-06-27T16:56:58.087811300Z,2,11,600,10,0,1000,428.592,600.029,-137,1,0
2026-06-27T16:56:58.087811300Z,2,11,600,10,1,1001,528.995,600.029,-118,1,0
2026-06-27T16:56:58.087811300Z,2,11,600,10,2,1002,463.054,600.028,-96,1,0
2026-06-27T16:56:58.087811300Z,2,11,600,10,3,1003,463.265,600.028,-124,1,0
2026-06-27T16:56:58.087811300Z,2,11,600,10,4,1004,576.855,600.028,-140,1,1
2026-06-27T16:56:58.087811300Z,2,11,600,10,5,1005,574.427,600.030,-131,1,0
2026-06-27T16:56:58.087811300Z,2,11,600,10,6,1006,475.261,600.029,-118,1,0
2026-06-27T16:56:58.087811300Z,2,11,600,10,7,1007,384.475,600.029,-115,1,0
2026-06-27T16:56:58.087811300Z,2,11,600,10,8,1008,522.414,600.028,-112,1,0
2026-06-27T16:56:58.087811300Z,2,11,600,10,9,1009,559.055,600.028,-118,1,0
2026-06-27T17:07:02.707821800Z,2,53,600,10,0,1000,593.537,600.030,-109,1,1
2026-06-27T17:07:02.707821800Z,2,53,600,10,1,1001,504.970,600.030,4,1,0
2026-06-27T17:07:02.707821800Z,2,53,600,10,2,1002,593.674,600.030,-43,1,0
2026-06-27T17:07:02.707821800Z,2,53,600,10,3,1003,502.934,600.030,-30,1,0
2026-06-27T17:07:02.707821800Z,2,53,600,10,4,1004,202.683,600.030,42,1,0
2026-06-27T17:07:02.707821800Z,2,53,600,10,5,1005,533.720,600.030,-68,1,0
2026-06-27T17:07:02.707821800Z,2,53,600,10,6,1006,304.065,600.031,-68,1,0
2026-06-27T17:07:02.707821800Z,2,53,600,10,7,1007,121.550,600.030,-71,1,0
2026-06-27T17:07:02.707821800Z,2,53,600,10,8,1008,468.655,600.030,-93,1,0
2026-06-27T17:07:02.707821800Z,2,53,600,10,9,1009,501.740,600.030,-43,1,0
2026-06-27T17:17:07.335599700Z,2,89,600,10,0,1000,160.282,600.034,-5,1,0
2026-06-27T17:17:07.335599700Z,2,89,600,10,1,1001,595.579,600.033,-84,1,0
2026-06-27T17:17:07.335599700Z,2,89,600,10,2,1002,554.618,600.033,-112,1,0
2026-06-27T17:17:07.335599700Z,2,89,600,10,3,1003,115.951,600.033,-65,1,0
2026-06-27T17:17:07.335599700Z,2,89,600,10,4,1004,549.686,600.033,-137,1,1
2026-06-27T17:17:07.335599700Z,2,89,600,10,5,1005,245.355,600.034,27,1,0
2026-06-27T17:17:07.335599700Z,2,89,600,10,6,1006,426.695,600.034,-87,1,0
2026-06-27T17:17:07.335599700Z,2,89,600,10,7,1007,545.377,600.034,-62,1,0
2026-06-27T17:17:07.335599700Z,2,89,600,10,8,1008,571.054,600.033,-109,1,0
2026-06-27T17:17:07.335599700Z,2,89,600,10,9,1009,534.882,600.034,-96,1,0
2026-06-27T17:27:12.046507600Z,2,99,600,10,0,1000,384.958,600.031,-90,1,0
2026-06-27T17:27:12.046507600Z,2,99,600,10,1,1001,535.461,600.032,-128,1,1
2026-06-27T17:27:12.046507600Z,2,99,600,10,2,1002,490.910,600.031,-59,1,0
2026-06-27T17:27:12.046507600Z,2,99,600,10,3,1003,543.372,600.032,17,1,0
2026-06-27T17:27:12.046507600Z,2,99,600,10,4,1004,569.177,600.031,-90,1,0
2026-06-27T17:27:12.046507600Z,2,99,600,10,5,1005,538.917,600.032,-59,1,0
2026-06-27T17:27:12.046507600Z,2,99,600,10,6,1006,560.506,600.031,-62,1,0
2026-06-27T17:27:12.046507600Z,2,99,600,10,7,1007,363.219,600.032,-109,1,0
2026-06-27T17:27:12.046507600Z,2,99,600,10,8,1008,547.096,600.031,-65,1,0
2026-06-27T17:27:12.046507600Z,2,99,600,10,9,1009,571.177,600.032,-84,1,0
2026-06-27T17:37:16.785455500Z,2,7,600,10,0,1000,341.871,600.036,238,1,0
2026-06-27T17:37:16.785455500Z,2,7,600,10,1,1001,555.506,600.035,201,1,0
2026-06-27T17:37:16.785455500Z,2,7,600,10,2,1002,556.653,600.035,161,1,0
2026-06-27T17:37:16.785455500Z,2,7,600,10,3,1003,597.172,600.036,208,1,0
2026-06-27T17:37:16.785455500Z,2,7,600,10,4,1004,310.405,600.035,164,1,0
2026-06-27T17:37:16.785455500Z,2,7,600,10,5,1005,372.641,600.036,208,1,0
2026-06-27T17:37:16.785455500Z,2,7,600,10,6,1006,335.929,600.035,188,1,0
2026-06-27T17:37:16.785455500Z,2,7,600,10,7,1007,593.316,600.035,157,1,0
2026-06-27T17:37:16.785455500Z,2,7,600,10,8,1008,519.604,600.035,134,1,1
2026-06-27T17:37:16.785455500Z,2,7,600,10,9,1009,510.277,600.034,135,1,0
2026-06-27T17:47:21.469629100Z,2,11,600,10,0,1000,570.461,600.038,81,1,0
2026-06-27T17:47:21.469629100Z,2,11,600,10,1,1001,597.609,600.038,15,1,1
2026-06-27T17:47:21.469629100Z,2,11,600,10,2,1002,496.965,600.038,132,1,0
2026-06-27T17:47:21.469629100Z,2,11,600,10,3,1003,372.116,600.037,155,1,0
2026-06-27T17:47:21.469629100Z,2,11,600,10,4,1004,587.352,600.038,148,1,0
2026-06-27T17:47:21.469629100Z,2,11,600,10,5,1005,579.501,600.038,28,1,0
2026-06-27T17:47:21.469629100Z,2,11,600,10,6,1006,471.606,600.038,25,1,0
2026-06-27T17:47:21.469629100Z,2,11,600,10,7,1007,383.622,600.037,75,1,0
2026-06-27T17:47:21.469629100Z,2,11,600,10,8,1008,479.057,600.037,78,1,0
2026-06-27T17:47:21.469629100Z,2,11,600,10,9,1009,417.902,600.037,72,1,0
2026-06-27T17:57:26.111292900Z,2,53,600,10,0,1000,596.439,600.032,232,1,0
2026-06-27T17:57:26.111292900Z,2,53,600,10,1,1001,148.687,600.032,195,1,0
2026-06-27T17:57:26.111292900Z,2,53,600,10,2,1002,480.600,600.031,195,1,0
2026-06-27T17:57:26.111292900Z,2,53,600,10,3,1003,446.873,600.031,182,1,0
2026-06-27T17:57:26.111292900Z,2,53,600,10,4,1004,475.137,600.031,202,1,0
2026-06-27T17:57:26.111292900Z,2,53,600,10,5,1005,214.761,600.032,195,1,0
2026-06-27T17:57:26.111292900Z,2,53,600,10,6,1006,353.933,600.031,135,1,1
2026-06-27T17:57:26.111292900Z,2,53,600,10,7,1007,515.326,600.031,141,1,0
2026-06-27T17:57:26.111292900Z,2,53,600,10,8,1008,126.005,600.032,259,1,0
2026-06-27T17:57:26.111292900Z,2,53,600,10,9,1009,597.040,600.031,189,1,0
2026-06-27T18:07:30.790534900Z,2,89,600,10,0,1000,499.776,600.031,95,1,0
2026-06-27T18:07:30.790534900Z,2,89,600,10,1,1001,253.367,600.030,189,1,0
2026-06-27T18:07:30.790534900Z,2,89,600,10,2,1002,371.633,600.030,95,1,0
2026-06-27T18:07:30.790534900Z,2,89,600,10,3,1003,432.152,600.031,88,1,0
2026-06-27T18:07:30.790534900Z,2,89,600,10,4,1004,484.306,600.031,81,1,0
2026-06-27T18:07:30.790534900Z,2,89,600,10,5,1005,475.713,600.031,132,1,0
2026-06-27T18:07:30.790534900Z,2,89,600,10,6,1006,189.721,600.031,141,1,0
2026-06-27T18:07:30.790534900Z,2,89,600,10,7,1007,487.588,600.031,101,1,0
2026-06-27T18:07:30.790534900Z,2,89,600,10,8,1008,401.532,600.030,78,1,1
2026-06-27T18:07:30.790534900Z,2,89,600,10,9,1009,191.598,600.030,151,1,0
2026-06-27T18:17:35.843090600Z,2,99,600,10,0,1000,453.362,600.045,31,1,1
2026-06-27T18:17:35.843090600Z,2,99,600,10,1,1001,480.822,600.044,201,1,0
2026-06-27T18:17:35.843090600Z,2,99,600,10,2,1002,560.149,600.044,97,1,0
2026-06-27T18:17:35.843090600Z,2,99,600,10,3,1003,536.744,600.044,254,1,0
2026-06-27T18:17:35.843090600Z,2,99,600,10,4,1004,407.378,600.043,151,1,0
2026-06-27T18:17:35.843090600Z,2,99,600,10,5,1005,585.311,600.044,138,1,0
2026-06-27T18:17:35.843090600Z,2,99,600,10,6,1006,505.893,600.043,154,1,0
2026-06-27T18:17:35.843090600Z,2,99,600,10,7,1007,572.592,600.043,185,1,0
2026-06-27T18:17:35.843090600Z,2,99,600,10,8,1008,592.243,600.044,141,1,0
2026-06-27T18:17:35.843090600Z,2,99,600,10,9,1009,518.596,600.044,84,1,0
2026-06-27T18:27:40.823784Z,2,7,600,10,0,1000,592.014,600.039,379,1,0
2026-06-27T18:27:40.823784Z,2,7,600,10,1,1001,532.854,600.038,285,1,1
2026-06-27T18:27:40.823784Z,2,7,600,10,2,1002,415.883,600.038,288,1,0
2026-06-27T18:27:40.823784Z,2,7,600,10,3,1003,364.336,600.039,492,1,0
2026-06-27T18:27:40.823784Z,2,7,600,10,4,1004,383.680,600.039,699,1,0
2026-06-27T18:27:40.823784Z,2,7,600,10,5,1005,472.859,600.037,495,1,0
2026-06-27T18:27:40.823784Z,2,7,600,10,6,1006,186.005,600.038,596,1,0
2026-06-27T18:27:40.823784Z,2,7,600,10,7,1007,502.831,600.038,383,1,0
2026-06-27T18:27:40.823784Z,2,7,600,10,8,1008,408.772,600.038,382,1,0
2026-06-27T18:27:40.823784Z,2,7,600,10,9,1009,337.526,600.037,495,1,0
2026-06-27T18:37:45.731312800Z,2,11,600,10,0,1000,428.726,600.044,169,1,0
2026-06-27T18:37:45.731312800Z,2,11,600,10,1,1001,133.266,600.043,273,1,0
2026-06-27T18:37:45.731312800Z,2,11,600,10,2,1002,508.759,600.044,373,1,0
2026-06-27T18:37:45.731312800Z,2,11,600,10,3,1003,599.033,600.044,65,1,1
2026-06-27T18:37:45.731312800Z,2,11,600,10,4,1004,385.914,600.044,270,1,0
2026-06-27T18:37:45.731312800Z,2,11,600,10,5,1005,593.649,600.044,269,1,0
2026-06-27T18:37:45.731312800Z,2,11,600,10,6,1006,126.958,600.044,269,1,0
2026-06-27T18:37:45.731312800Z,2,11,600,10,7,1007,320.434,600.044,386,1,0
2026-06-27T18:37:45.731312800Z,2,11,600,10,8,1008,332.430,600.044,275,1,0
2026-06-27T18:37:45.731312800Z,2,11,600,10,9,1009,192.449,600.043,276,1,0
2026-06-27T18:47:50.706451700Z,2,53,600,10,0,1000,19.388,600.044,693,1,0
2026-06-27T18:47:50.706451700Z,2,53,600,10,1,1001,140.188,600.043,593,1,0
2026-06-27T18:47:50.706451700Z,2,53,600,10,2,1002,366.670,600.043,379,1,0
2026-06-27T18:47:50.706451700Z,2,53,600,10,3,1003,137.469,600.044,588,1,0
2026-06-27T18:47:50.706451700Z,2,53,600,10,4,1004,400.085,600.044,486,1,0
2026-06-27T18:47:50.706451700Z,2,53,600,10,5,1005,588.896,600.043,489,1,0
2026-06-27T18:47:50.706451700Z,2,53,600,10,6,1006,195.143,600.044,689,1,0
2026-06-27T18:47:50.706451700Z,2,53,600,10,7,1007,486.799,600.043,483,1,0
2026-06-27T18:47:50.706451700Z,2,53,600,10,8,1008,444.834,600.043,279,1,1
2026-06-27T18:47:50.706451700Z,2,53,600,10,9,1009,59.569,600.044,595,1,0
2026-06-27T18:57:55.764546900Z,2,89,600,10,0,1000,407.722,600.046,279,1,0
2026-06-27T18:57:55.764546900Z,2,89,600,10,1,1001,386.094,600.045,383,1,0
2026-06-27T18:57:55.764546900Z,2,89,600,10,2,1002,503.440,600.045,389,1,0
2026-06-27T18:57:55.764546900Z,2,89,600,10,3,1003,361.594,600.045,486,1,0
2026-06-27T18:57:55.764546900Z,2,89,600,10,4,1004,492.084,600.045,380,1,0
2026-06-27T18:57:55.764546900Z,2,89,600,10,5,1005,327.807,600.045,376,1,0
2026-06-27T18:57:55.764546900Z,2,89,600,10,6,1006,599.854,600.045,377,1,0
2026-06-27T18:57:55.764546900Z,2,89,600,10,7,1007,304.017,600.046,279,1,0
2026-06-27T18:57:55.764546900Z,2,89,600,10,8,1008,173.541,600.046,282,1,0
2026-06-27T18:57:55.764546900Z,2,89,600,10,9,1009,424.662,600.045,276,1,1
2026-06-27T19:08:00.804151500Z,2,99,600,10,0,1000,289.140,600.046,178,1,1
2026-06-27T19:08:00.804151500Z,2,99,600,10,1,1001,444.917,600.048,382,1,0
2026-06-27T19:08:00.804151500Z,2,99,600,10,2,1002,444.520,600.046,382,1,0
2026-06-27T19:08:00.804151500Z,2,99,600,10,3,1003,559.661,600.048,281,1,0
2026-06-27T19:08:00.804151500Z,2,99,600,10,4,1004,188.025,600.046,288,1,0
2026-06-27T19:08:00.804151500Z,2,99,600,10,5,1005,568.818,600.048,282,1,0
2026-06-27T19:08:00.804151500Z,2,99,600,10,6,1006,297.946,600.046,382,1,0
2026-06-27T19:08:00.804151500Z,2,99,600,10,7,1007,587.543,600.046,382,1,0
2026-06-27T19:08:00.804151500Z,2,99,600,10,8,1008,347.519,600.048,486,1,0
2026-06-27T19:08:00.804151500Z,2,99,600,10,9,1009,535.591,600.048,278,1,0
2026-06-27T19:18:05.815268200Z,2,7,600,10,0,1000,172.532,600.047,789,1,0
2026-06-27T19:18:05.815268200Z,2,7,600,10,1,1001,481.410,600.047,285,1,0
2026-06-27T19:18:05.815268200Z,2,7,600,10,2,1002,572.389,600.048,178,1,1
2026-06-27T19:18:05.815268200Z,2,7,600,10,3,1003,490.609,600.047,899,1,0
2026-06-27T19:18:05.815268200Z,2,7,600,10,4,1004,527.369,600.048,795,1,0
2026-06-27T19:18:05.815268200Z,2,7,600,10,5,1005,546.590,600.048,389,1,0
2026-06-27T19:18:05.815268200Z,2,7,600,10,6,1006,188.507,600.048,896,1,0
2026-06-27T19:18:05.815268200Z,2,7,600,10,7,1007,450.945,600.048,395,1,0
2026-06-27T19:18:05.815268200Z,2,7,600,10,8,1008,576.109,600.048,902,1,0
2026-06-27T19:18:05.815268200Z,2,7,600,10,9,1009,470.101,600.048,288,1,0
2026-06-27T19:28:10.726824800Z,2,11,600,10,0,1000,484.713,600.048,65,1,1
2026-06-27T19:28:10.726824800Z,2,11,600,10,1,1001,404.073,600.047,276,1,0
2026-06-27T19:28:10.726824800Z,2,11,600,10,2,1002,457.703,600.047,374,1,0
2026-06-27T19:28:10.726824800Z,2,11,600,10,3,1003,170.184,600.047,285,1,0
2026-06-27T19:28:10.726824800Z,2,11,600,10,4,1004,573.238,600.047,389,1,0
2026-06-27T19:28:10.726824800Z,2,11,600,10,5,1005,438.579,600.048,374,1,0
2026-06-27T19:28:10.726824800Z,2,11,600,10,6,1006,280.300,600.048,276,1,0
2026-06-27T19:28:10.726824800Z,2,11,600,10,7,1007,191.834,600.048,276,1,0
2026-06-27T19:28:10.726824800Z,2,11,600,10,8,1008,238.326,600.048,279,1,0
2026-06-27T19:28:10.726824800Z,2,11,600,10,9,1009,546.282,600.047,783,1,0
2026-06-27T19:46:20.840981600Z,2,7,600,10,0,1000,199.282,600.053,395,1,0
2026-06-27T19:46:20.840981600Z,2,7,600,10,1,1001,337.415,600.053,395,1,0
2026-06-27T19:46:20.840981600Z,2,7,600,10,2,1002,452.241,600.053,282,1,1
2026-06-27T19:46:20.840981600Z,2,7,600,10,3,1003,554.374,600.053,389,1,0
2026-06-27T19:46:20.840981600Z,2,7,600,10,4,1004,302.011,600.053,282,1,0
2026-06-27T19:46:20.840981600Z,2,7,600,10,5,1005,543.797,600.053,282,1,0
2026-06-27T19:46:20.840981600Z,2,7,600,10,6,1006,489.075,600.053,285,1,0
2026-06-27T19:46:20.840981600Z,2,7,600,10,7,1007,331.869,600.053,392,1,0
2026-06-27T19:46:20.840981600Z,2,7,600,10,8,1008,482.186,600.053,392,1,0
2026-06-27T19:46:20.840981600Z,2,7,600,10,9,1009,443.321,600.053,386,1,0
2026-06-27T19:56:25.774418500Z,2,11,600,10,0,1000,398.390,600.048,270,1,0
2026-06-27T19:56:25.774418500Z,2,11,600,10,1,1001,487.488,600.049,377,1,0
2026-06-27T19:56:25.774418500Z,2,11,600,10,2,1002,378.601,600.047,270,1,0
2026-06-27T19:56:25.774418500Z,2,11,600,10,3,1003,449.522,600.048,59,1,1
2026-06-27T19:56:25.774418500Z,2,11,600,10,4,1004,583.594,600.049,276,1,0
2026-06-27T19:56:25.774418500Z,2,11,600,10,5,1005,321.125,600.048,175,1,0
2026-06-27T19:56:25.774418500Z,2,11,600,10,6,1006,505.487,600.048,172,1,0
2026-06-27T19:56:25.774418500Z,2,11,600,10,7,1007,390.063,600.048,166,1,0
2026-06-27T19:56:25.774418500Z,2,11,600,10,8,1008,444.187,600.048,270,1,0
2026-06-27T19:56:25.774418500Z,2,11,600,10,9,1009,536.978,600.048,166,1,0
2026-06-27T20:06:30.734567900Z,2,53,600,10,0,1000,595.571,600.039,386,1,0
2026-06-27T20:06:30.734567900Z,2,53,600,10,1,1001,145.070,600.039,282,1,1
2026-06-27T20:06:30.734567900Z,2,53,600,10,2,1002,274.526,600.039,496,1,0
2026-06-27T20:06:30.734567900Z,2,53,600,10,3,1003,287.099,600.039,386,1,0
2026-06-27T20:06:30.734567900Z,2,53,600,10,4,1004,563.046,600.039,493,1,0
2026-06-27T20:06:30.734567900Z,2,53,600,10,5,1005,465.653,600.039,487,1,0
2026-06-27T20:06:30.734567900Z,2,53,600,10,6,1006,294.077,600.039,282,1,0
2026-06-27T20:06:30.734567900Z,2,53,600,10,7,1007,268.614,600.039,392,1,0
2026-06-27T20:06:30.734567900Z,2,53,600,10,8,1008,77.128,600.039,389,1,0
2026-06-27T20:06:30.734567900Z,2,53,600,10,9,1009,12.173,600.039,389,1,0
